"","species","K00363","K00370","K00371","K00376","K02567","K02568","K03385","K04561","K02305","K02586","K02588","K02591","K00198","K00297","K01491","K01938","GH105","GH106","GH28","GH78","GH88","GH108","GH24","GH11","GH115","GH30","GH120","GH67","GH15","GH31","GH57","GH16","GH19","GH20","GH1","GH116","GH74","GH44","GH45","GH5","GH65","PF01058.22","PF14720.6","PF02256.17","PF02906.14"
"229_01-HSRNA1-Archotermopsidae-Hodotermopsissjosdedti","229_01-HSRNA1-Archotermopsidae-Hodotermopsissjosdedti",NA,NA,NA,NA,NA,NA,0.98921003790669,NA,NA,1.199750205833,2.36380224550269,NA,1.40827087614788,2.78615648249444,1.96197687017134,0.765948968607632,0.94346713524729,1.50212816652037,1.47988989097882,1.83537010291827,0.61782095169058,NA,NA,NA,NA,0.289840924825269,NA,NA,NA,0.278018308513237,2.05038334848895,1.3102779208914,NA,1.30778682387746,0.765682759934096,0.782684894252161,NA,NA,NA,0.770264056396889,NA,1.87811600458534,1.5454149755509,1.80355905700647,2.11992533345397
"301_75-SA16_13-Hodotermes-Hodotermes","301_75-SA16_13-Hodotermes-Hodotermes",NA,NA,NA,NA,NA,NA,NA,NA,NA,0.845605560090824,2.53131525788764,1.37043842150883,0.999179048911441,2.93146871605017,2.77943932157486,1.91367278600684,0.868354724836571,NA,1.25374202101138,NA,0.583669286459123,NA,0.684977607732907,NA,1.23112614976468,NA,1.08942547979457,1.8034568447107,NA,1.59137632381279,1.4648800704366,1.05800286813337,NA,NA,NA,NA,1.24386380045203,1.7396933339302,NA,NA,0.980053873729245,1.99581938793828,NA,1.82847890804425,3.28885088916398
"301_91-US17-Archotermopsidae-Zootermopsis_nevadensis","301_91-US17-Archotermopsidae-Zootermopsis_nevadensis",0.0683164523687521,0.165230944787944,0.317949904002832,NA,0.400930770673093,0.429382852026937,0.582560571080343,NA,NA,0.854146100047223,2.17304567727541,1.76528142784049,0.747637254334768,3.13253596304223,2.7272331517991,1.39884255386233,2.08582565420843,2.93771669720123,2.71381038147655,3.66287983610905,2.33013173771671,0.16621727276381,1.39463387132883,NA,1.76302525383048,1.6335203204104,0.825287177488303,0.994688483123976,NA,3.09855724539474,2.23637234454907,2.66539940714428,NA,2.54473784863265,1.92310537872018,2.20719174683513,NA,NA,NA,NA,1.25333668780228,2.50209525075567,1.35315266157674,NA,2.34454804776817
"230_10-POROTERMES52-Stolotermitidae-Porotermes","230_10-POROTERMES52-Stolotermitidae-Porotermes",NA,NA,NA,NA,NA,NA,NA,NA,NA,1.42439316190583,2.90305818832069,1.33594960742464,2.17245529227148,2.86119781910521,1.28334340214975,NA,3.0265584119738,1.97721593221298,2.02632219341877,2.78309444497599,1.7406609037376,NA,1.39787202848523,NA,NA,NA,NA,NA,NA,2.72977005717791,2.26431129350602,2.16896175159317,NA,1.43391650019778,NA,NA,NA,NA,NA,NA,1.73940294747708,2.07341544533214,NA,2.27487024421958,3.41929060219475
"272_76-PORO_CHILI-Stolotermitidae-Porotermes_quadricollis","272_76-PORO_CHILI-Stolotermitidae-Porotermes_quadricollis",NA,NA,0.00717946543602843,NA,NA,NA,NA,NA,NA,1.70339163566074,2.28531275942903,1.57855447043573,NA,3.15396906019104,2.46974901153594,1.37774630108316,1.96068387027425,2.43301781300277,2.23916472260117,2.23110253076017,1.17754835366002,NA,1.14362431301624,NA,1.75721085197445,0.876392828393031,NA,1.42655904545083,NA,1.79405200357408,2.12672224783381,1.07514395570875,NA,2.01413044377419,2.47991274088865,0.161603873270123,NA,NA,NA,1.64366969271366,0.763672204855992,2.43979467428186,0.27925612571591,2.51394978740186,2.35648789893936
"272_17-AUST14_12-Stolotermitidae-Stolotermes_victoriensis","272_17-AUST14_12-Stolotermitidae-Stolotermes_victoriensis",NA,NA,NA,NA,NA,1.62655078411097,1.24201809565262,NA,NA,2.45039579834165,3.01794226689145,2.54137681868472,1.21319069967219,2.93788513428794,1.19485817583769,NA,1.12276294559487,NA,0.33727250059274,1.52896572862441,0.949134441898478,NA,0.848418953256539,NA,NA,NA,NA,NA,NA,0.423104954946268,NA,0.85613055544102,0.499425443778651,0.421611900225693,0.496480981858359,NA,NA,NA,NA,NA,NA,3.7102935861211,2.42911785068958,2.77100474992353,2.66340859644137
"229_03-CF_RNA_1-Rhinotermitidae-Coptotermesformosanus","229_03-CF_RNA_1-Rhinotermitidae-Coptotermesformosanus",NA,NA,NA,NA,NA,NA,0.216202013825651,NA,NA,2.16401027989795,2.49088001194757,2.18071887441444,1.11907549757384,2.62951235242878,2.42232384560539,0.641078813880573,0.814578704226529,1.19085024484112,0.881334161442961,1.64400722590485,0.885708039061799,NA,0.486184282951411,NA,NA,0.155297184260101,NA,0.0661887723442364,NA,1.17412522636488,2.51799166786201,1.14964515168696,NA,1.07494074349386,1.29896941408581,0.297792248350249,NA,NA,NA,NA,NA,2.51365858467665,0.48543009989313,1.6090144554561,2.28848791576524
"301_09-87-Rhinotermitidae-Coptotermes_elisae","301_09-87-Rhinotermitidae-Coptotermes_elisae",NA,NA,NA,NA,NA,NA,NA,NA,NA,3.2386743731524,3.32483222838354,3.16376927340964,1.11455292299703,3.90094942262287,3.81782580366051,0.804544243778599,1.7311602155586,0.131953877830874,1.34730858249575,1.25065411671894,1.10749805243383,NA,1.47057435949047,NA,NA,NA,NA,NA,NA,0.52620648526544,2.77379953754085,0.632469133561575,0.683213202914159,NA,1.63194925153512,NA,NA,NA,NA,NA,NA,3.80418735270494,NA,2.03047234837124,2.73356732010706
"230_04-RDCT185-Rhinotermitidae-Coptotermes","230_04-RDCT185-Rhinotermitidae-Coptotermes",NA,NA,NA,NA,NA,0.498992094513937,NA,NA,NA,2.73634832253058,3.12611141083944,2.78644059545375,2.51982020122811,3.7646070046286,3.17159568519029,2.33143143043885,3.5892208056819,2.45171715824453,2.75692507255692,3.60476023521568,2.89728311220094,1.76982997305788,2.03648478550547,NA,0.621511635585813,0.533442355143884,NA,1.57274065451397,NA,2.54150077016286,3.22593166334639,2.1717201103542,NA,2.56500133885222,2.70907745473616,0.842389595339864,NA,NA,NA,NA,1.05550035243848,2.87088584712219,NA,NA,0.664351687103339
"230_26-G13_107-Rhinotermitidae-Coptotermes_testaceus","230_26-G13_107-Rhinotermitidae-Coptotermes_testaceus",NA,NA,NA,NA,NA,NA,NA,NA,NA,0.227683256351839,1.32553522210829,NA,NA,4.42945556375004,4.35877238343807,1.1016557783529,2.14067413774755,1.77566094804686,2.32301116292066,2.48084462376179,0.903267848192827,1.25669336692318,NA,NA,NA,NA,0.624752384912344,NA,NA,NA,4.26827091974626,1.28492668859105,NA,2.2958506164384,NA,NA,0.856067564482699,NA,NA,NA,NA,4.54154818958057,1.55008323835756,2.43798638822963,2.73198356869919
"272_11-AUS47-Rhinotermitidae-Heterotermes_vagus","272_11-AUS47-Rhinotermitidae-Heterotermes_vagus",NA,NA,NA,NA,NA,NA,NA,NA,NA,3.05977004790547,3.01292824181053,3.08032106042974,NA,3.13674808096189,3.06247892341632,NA,NA,NA,NA,NA,NA,NA,0.640066926394226,NA,NA,NA,NA,0.595626995216664,NA,0.393445372932468,3.08000369665434,NA,0.104403863408824,NA,1.9139873082201,NA,NA,NA,NA,NA,1.31763490833461,2.90058220763293,NA,0.9351625196173,1.99526417903246
"272_16-AUS88-Rhinotermitidae-Heterotermes_sp_5","272_16-AUS88-Rhinotermitidae-Heterotermes_sp_5",NA,NA,NA,NA,NA,NA,0.524429680773002,NA,NA,2.89613172144737,3.07721684491373,2.9252658441083,1.05964142775277,1.22036164622682,2.99198966428225,NA,0.396309598685548,1.05416402109429,NA,NA,NA,1.77217833479104,1.12531964634367,NA,NA,NA,NA,NA,NA,NA,NA,NA,1.18970272642607,NA,NA,NA,NA,NA,NA,NA,NA,3.0135695978097,NA,NA,NA
"301_12-AUS121-Rhinotermitidae-Heterotermes_sp_4","301_12-AUS121-Rhinotermitidae-Heterotermes_sp_4",NA,NA,NA,NA,NA,NA,NA,NA,NA,3.04289394662816,3.02835889067178,3.05204908167105,NA,0.84250581887728,3.36020873811222,2.00664098267963,0.979697215680996,1.45770116548111,1.25433574939654,1.89345020552519,NA,1.14485555709142,0.849145861815389,NA,NA,NA,0.0053977291567191,NA,NA,0.928184921287863,1.36797431325729,0.472220257655506,3.19656230741004,0.967943188031836,0.843769908960094,0.725522938673487,NA,NA,NA,NA,NA,3.11864235121906,NA,2.20978125393039,2.52804692252582
"301_90-THAI98-Rhinotermitidae-Reticulitermes_sp_A","301_90-THAI98-Rhinotermitidae-Reticulitermes_sp_A",NA,NA,NA,NA,NA,NA,1.53713472604371,NA,NA,NA,3.49340838784302,NA,2.74970565293232,2.62090725151134,2.81877642685562,NA,0.914131337984224,NA,NA,NA,1.52162043699301,NA,NA,NA,NA,NA,NA,NA,NA,NA,NA,NA,NA,NA,NA,NA,NA,NA,NA,NA,NA,2.50529713236521,1.34283933500377,3.70687548764868,2.24804137335479
"301_92-US1-Rhinotermitidae-Reticulitermes_nelsonae","301_92-US1-Rhinotermitidae-Reticulitermes_nelsonae",NA,NA,NA,NA,NA,NA,NA,NA,NA,NA,1.17698359038053,NA,1.68962109123297,3.11031818862799,2.3141802593241,1.36305236822767,3.25282330551492,2.85227379026839,3.10169041302691,3.49587753669326,2.4251527066215,4.27617060784642,1.4032418418518,NA,1.54146513977741,1.03425352450772,0.926335626973172,1.51695484372668,NA,2.62727873652013,2.19908111987198,2.14629624201062,0.380281060159048,2.74914647326685,1.93135771506333,1.95787415035545,NA,NA,NA,0.57300068394381,0.540449397222678,2.97653111889751,1.63889155877109,2.65735163785919,3.25768629134268
"229_07-Msp_RNA_1-Microcerotermes-Microcerotermes","229_07-Msp_RNA_1-Microcerotermes-Microcerotermes",NA,NA,NA,NA,NA,NA,NA,NA,NA,2.31163610164666,3.06208193450434,1.92979506991101,0.718213376979589,3.21120394843223,2.46494922759948,2.09889271723953,1.31697580224365,1.81934535378961,0.635501235197848,0.132545263547887,0.326236982302077,NA,1.27909474383942,3.44004472681636,2.10272761728862,2.37200833782356,NA,1.81390913409267,NA,2.43523695194177,3.79334288337328,2.21846476179404,0.464743648141015,3.01554647355173,2.86301607631441,0.312047517829199,1.35407522130211,0.868454343167104,2.23324823153298,1.67742210204188,0.831101395868779,0.334865687182444,NA,2.57643645554261,3.6705068099088
"272_33-FG_ND02_38-Microcerotermes-Microcerotermes_sp_SA","272_33-FG_ND02_38-Microcerotermes-Microcerotermes_sp_SA",NA,NA,NA,NA,NA,NA,NA,NA,NA,3.34672185470789,4.23068525685425,3.34649071163739,2.15479554157833,4.17967722366322,3.57860923825059,3.08122509549646,1.81285697911959,1.96032926218825,0.68036889662323,NA,1.33512509071754,NA,NA,4.4794654616525,3.52821268159671,3.39153601822068,0.87747802393984,1.92109357688272,NA,4.04077360871203,4.46580515909393,2.96653898112387,1.92001014098401,3.58908388502688,3.72679966561903,1.88342182116656,1.88434263023966,NA,3.11665570476812,0.973203708997572,NA,2.65267043363475,NA,3.83854126007069,5.00750986393892
"272_19-BDIT102-Microcerotermes-Microcerotermes_fuscotibialis","272_19-BDIT102-Microcerotermes-Microcerotermes_fuscotibialis",NA,NA,NA,NA,NA,NA,NA,NA,NA,2.95633111918786,3.29808432403008,3.27425784955922,2.00722077589382,3.81941011851768,3.47986794517809,3.20992817689223,1.95343756998541,0.512855062276589,NA,NA,NA,NA,0.49886602385737,3.9042790253426,2.36622724424449,3.13573062263276,NA,NA,NA,2.38577198630912,4.42699287425645,3.14656087663902,1.19622430346913,3.15598454978402,3.10567715287776,1.23583209096583,1.76039870019809,2.12159840345418,2.33049124007322,1.79092264876225,NA,0.265761550787984,NA,3.7867559196295,4.47584965125458
"230_12-81-Microcerotermes-Microcerotermes_papuanus","230_12-81-Microcerotermes-Microcerotermes_papuanus",NA,NA,NA,NA,NA,NA,NA,NA,NA,NA,2.88537951337623,NA,2.14606062070504,3.91095415893471,3.25805658619799,3.43458822038257,2.01761016273919,1.76664442193817,1.1715510595304,NA,0.123747588964097,NA,1.22858982833991,3.93669826054221,2.85582792429634,2.80820827280376,NA,2.34133292904509,NA,3.13554234117504,4.35837224673292,3.03755364274956,0.860231679022841,3.25319658884478,3.21595300824856,0.828352357383746,1.49391707954192,1.38639281211925,2.32477522315914,1.20886560575012,0.636476341411796,1.73125642350392,NA,2.98948514809058,4.24896953667019
"272_09-AUS13-Microcerotermes-Microcerotermes_sp","272_09-AUS13-Microcerotermes-Microcerotermes_sp",NA,NA,NA,NA,NA,NA,NA,NA,NA,2.3585109411249,3.10461229412093,3.14034608074479,1.97173250362693,3.43008880468301,2.70085583961787,3.10158293438628,NA,1.58202400368301,NA,1.37470801953019,NA,0.409718587672097,NA,4.02825940770582,2.57123127678233,2.93431898808586,NA,NA,NA,3.13885760354371,3.97267204064795,2.73233673316596,1.06368663955709,2.53687884146412,2.77812600304807,0.488750769917058,1.7939570994548,NA,3.27086709167633,1.64242447775545,0.995171937886362,0.753202162284543,NA,3.11957973476866,4.15731709932123
"272_41-G13_45-Syntermitinae-Cyriliotermes_angulariceps","272_41-G13_45-Syntermitinae-Cyriliotermes_angulariceps",NA,NA,NA,NA,NA,NA,NA,1.1996697692186,NA,NA,NA,NA,NA,3.15669720584,1.65352177157904,NA,1.6505251209886,NA,NA,NA,1.16014719538666,NA,NA,NA,NA,2.24411417723168,2.35334690945394,NA,NA,2.1464783643272,NA,NA,NA,NA,NA,NA,NA,NA,NA,NA,3.4037989008741,2.16312284471604,1.92298858171567,3.21049676358517,3.48641559934372
"301_22-BRA14-Syntermitinae-Cyrilliotermes_sp","301_22-BRA14-Syntermitinae-Cyrilliotermes_sp",NA,NA,NA,1.31231099620236,NA,2.07780502927972,0.193465229614144,1.2800969975476,1.36969346129777,NA,NA,NA,0.698265128743932,2.10505008725141,1.48789934739806,NA,0.560856796153126,NA,0.41314148127358,NA,0.291353918377702,NA,1.98420025523194,NA,NA,NA,NA,NA,NA,1.78903461671703,1.8284186850759,1.26418054553778,0.562533901829161,1.74621570223361,NA,NA,NA,NA,NA,NA,NA,3.17568528336918,2.21924636938541,2.4892122972551,2.69726113291102
"230_19-G13_62-Syntermitinae-Cornitermes_sp_A","230_19-G13_62-Syntermitinae-Cornitermes_sp_A",NA,NA,NA,NA,NA,NA,1.06788268475727,NA,0.532910490736257,0.661450626151543,0.940417985916144,NA,2.90509428936232,3.50589968202088,2.69164391518008,2.60585354710606,1.14248570301591,1.63632371473555,0.0899408421672958,NA,1.52955248119729,NA,NA,4.39597248826679,2.37685916378959,2.64288336856051,NA,2.4344846626528,NA,2.58034406390224,3.93085511729751,1.90690737487331,1.88472250367223,3.2788533975592,3.24526373989997,2.05795031709927,NA,0.995643960198916,3.67351871373756,2.83778606044656,NA,2.91307514665746,0.303480834622205,3.74341613583648,4.85949934697565
"301_34-BRA3-Syntermitinae-Cornitermes_cumulans","301_34-BRA3-Syntermitinae-Cornitermes_cumulans",NA,NA,NA,0.0990668406947717,NA,NA,NA,NA,NA,2.759725938647,2.82787961977767,2.01330281789268,2.60377117980042,2.93035564489865,2.29865890016083,1.54798105973699,1.89682944972816,0.0210112142042091,NA,NA,0.942628154728213,NA,2.35824449998267,3.35391589409763,1.05232499335624,1.10769468355797,1.71610326323456,2.03861937369717,NA,3.0692299389816,3.4406172068505,1.46088079552967,2.13765660250826,1.14350162672648,2.67606236321133,0.864595386371935,0.656705898113612,1.00017856148519,3.27950693132824,1.88969267514618,1.14775036781032,1.06514747680321,NA,2.62070942776693,3.36146891326822
"301_36-BRA9-Syntermitinae-Rhynchotermes_nasutissimus","301_36-BRA9-Syntermitinae-Rhynchotermes_nasutissimus",NA,NA,NA,NA,NA,0.448359713980644,NA,NA,NA,NA,1.82438486858187,NA,1.72566733382139,2.95374174288755,1.99768050132347,1.50040599500199,1.72828441019924,1.3505044386069,1.25243323614731,1.34888241041104,0.927501243602269,NA,2.17042604691515,3.76070567379517,1.15346358762787,1.2324420748527,NA,1.41961842006891,NA,2.95006234868591,3.37344603305005,1.78040666957756,1.10496205067505,2.86630352945868,1.89152096759921,NA,NA,1.61013559489024,1.5543318452428,2.90528655614355,2.37294774796011,0.978846839508038,NA,2.98088830050565,3.81782529305947
"301_33-BRA29-Syntermitinae-Labiotermes_sp","301_33-BRA29-Syntermitinae-Labiotermes_sp",NA,NA,NA,NA,NA,NA,0.481890198358123,NA,NA,NA,NA,NA,NA,3.11856763055362,2.04054508912509,1.93664365177896,1.60712212765153,NA,1.21037612323035,0.600616021018617,1.18355005826926,NA,NA,2.23950672410774,NA,NA,1.0133265359811,2.00662583625977,1.19047669222502,2.51970505456006,NA,1.35124242515182,2.65388189671863,1.03254644577323,2.65780143441562,NA,0.312238660133765,NA,NA,NA,2.60883889190364,3.26787631083123,1.6308826825595,3.2906043457671,3.84775201242713
"301_43-G13_43-Syntermitinae-Labiotermes_labralis","301_43-G13_43-Syntermitinae-Labiotermes_labralis",NA,NA,NA,NA,NA,NA,1.77324521199128,1.29409222327227,NA,NA,NA,NA,1.36786310619339,3.10579651082778,NA,1.99629880595512,0.963492386184893,NA,NA,NA,1.29269048932263,NA,1.28703380803497,1.71825838659082,NA,NA,1.82742144216957,1.96454267504281,NA,1.78426915997098,NA,1.48512437392352,NA,NA,NA,NA,NA,0.724047815177728,NA,NA,2.39231315030138,3.57644923340166,2.51780585412167,3.17067285750692,3.67699287606788
"301_35-BRA5-Syntermitinae-Silvestritermes_heyeri","301_35-BRA5-Syntermitinae-Silvestritermes_heyeri",NA,NA,NA,NA,NA,NA,NA,NA,NA,NA,NA,NA,NA,2.75723629448519,NA,NA,1.91064163971144,NA,1.63166193823591,NA,NA,NA,1.66475169191493,3.1877028511467,NA,NA,1.07530101218913,0.970733758455375,NA,2.07253951212641,2.59589844270011,1.98077102676977,NA,2.33854426996594,NA,NA,NA,1.23004978760941,1.24320005393658,0.941088608921838,NA,2.06521218478304,NA,3.9128043625928,4.21450007409092
"301_31-BRA11_2-Syntermitinae-Syntermes_grandis","301_31-BRA11_2-Syntermitinae-Syntermes_grandis",NA,NA,NA,NA,NA,NA,0.867981173857679,NA,NA,NA,0.917938220827225,NA,1.05214635424092,3.49654123349027,2.43008160235013,2.49611738556602,2.50352429869477,NA,1.66439982194893,2.10754813924607,1.96232529242695,NA,0.917776383786216,2.04132348999949,1.20593642266557,0.498271214423344,1.41921514903542,2.4146591051539,NA,2.65432369745491,NA,0.968041865615206,NA,1.51446800312853,1.88643292836656,0.0782269440180501,NA,NA,NA,NA,2.55244324348226,NA,NA,NA,NA
"272_44-G_13_60-Termitinae-Neocapritermes_taracua","272_44-G_13_60-Termitinae-Neocapritermes_taracua",NA,NA,NA,NA,NA,NA,1.24830106996401,NA,NA,NA,NA,NA,2.01424917795422,2.72785923244413,1.0674002834977,NA,1.30088734476463,NA,1.81129902089525,1.4164455677509,0.908936363091863,NA,NA,1.49806967831014,NA,NA,NA,NA,0.673276653050566,1.12676243520856,NA,1.14623621372933,NA,1.73837805250804,NA,NA,NA,NA,NA,NA,1.52131256324603,2.59513308846367,NA,3.37842914084675,3.55431094411257
"301_40-G13_28-Termitinae-Planicapritermes_planiceps","301_40-G13_28-Termitinae-Planicapritermes_planiceps",NA,NA,NA,NA,NA,NA,NA,NA,NA,NA,NA,NA,2.60153858182307,2.07736810941859,3.13889452420004,2.75413243046702,3.31765379428401,2.21157790601127,2.54069534370537,3.07906788145925,2.44919143037197,0.29575280144293,0.260420061695153,3.72962928783501,NA,3.37837148858064,0.52879827275919,3.09006301106197,NA,3.54318367656825,4.07923961555072,3.45501835966439,0.622057726941732,3.71119445245422,2.57897814725426,2.02885915118456,2.38082175994291,2.42249110221134,2.00051837261278,1.913722353709,1.62292964528568,2.15478002443907,0.305346538011277,3.9000562153683,4.84626811657728
"301_50-G683-Termitinae-Neocapritermes_sp_H","301_50-G683-Termitinae-Neocapritermes_sp_H",NA,NA,NA,NA,NA,NA,NA,NA,NA,1.58246131832509,2.45082836406953,1.69085481113033,1.67477522562536,3.12458111584691,3.05137375262263,2.56129428959055,1.31431243564967,NA,NA,0.423207258180807,1.65380227380049,NA,NA,3.96580096807826,NA,3.2838496153712,NA,2.90987889811959,NA,2.95674499511364,3.72634741886721,2.80681794222001,NA,3.35541437734393,2.52960020344129,1.75438426161948,1.6554391034682,2.38703147445409,2.98675463636932,2.58611950574383,0.0168488305957096,2.36540127012669,NA,3.3551788327021,4.57400899849936
"230_05-TBRU514A-Termitinae-Prohamitermes","230_05-TBRU514A-Termitinae-Prohamitermes",NA,NA,NA,NA,NA,NA,NA,NA,NA,NA,NA,NA,NA,1.94442127964859,2.12051225412347,NA,1.72298797135096,NA,1.52774828194998,1.5725361580859,2.0717954883554,NA,NA,2.77550042293409,NA,1.37126758991521,NA,NA,NA,3.24955696336097,NA,3.53136405572017,NA,2.5069931562199,1.79546095794565,2.74766029670438,NA,1.80129249867661,NA,NA,0.517245753688324,1.54446765624944,NA,3.58500021498892,3.85619402635808
"301_15-AUS4-Termitinae-Amitermes_meridionalis","301_15-AUS4-Termitinae-Amitermes_meridionalis",NA,NA,0.0439797659604191,NA,NA,NA,0.58673953676633,NA,NA,2.92137895694363,2.34892567563279,2.16092761663883,0.452590697266284,3.74303575255033,2.33514463072661,3.31426480207434,1.26971559366436,1.66408415909044,1.22559221170771,0.770467794044469,0.413683298680439,NA,0.93040649516885,3.27687495655501,3.03432470987986,2.19302783960724,2.55482647827614,2.32107597992029,NA,4.15803672216251,3.5766244660928,1.5837000589548,0.310522899814117,2.91893774458932,2.6555845855716,NA,NA,NA,1.98257094323,1.39066754071668,2.00610998765002,1.18396694456527,0.222961645795301,4.00414110557849,4.66172043611789
"301_53-G730-Termitinae-Dentispicotermes_brevicarinatus","301_53-G730-Termitinae-Dentispicotermes_brevicarinatus",NA,0.895688848546623,1.42737329084407,0.88037926861327,NA,0.659878045640354,NA,0.660057786966324,NA,NA,NA,NA,0.475565984524016,2.67863638197077,2.10900864246589,1.7944067384611,1.7719206296093,1.42208674960494,1.62515574618324,2.23763241641956,0.489200225505795,NA,1.97436336548208,1.19041652507911,NA,NA,1.44649609986401,1.65023847493918,NA,2.67454089047175,1.22332773146395,0.805068032457095,0.407834090802235,1.08478974833895,3.19742974153637,NA,NA,NA,NA,0.50523246929428,3.4571459990596,2.3969115715813,1.34027869749741,2.35753944171383,3.13253298310249
"301_06-NG55-Termitinae-Pericapritermes_sp_B","301_06-NG55-Termitinae-Pericapritermes_sp_B",NA,NA,NA,1.99765668397738,NA,NA,NA,1.88520106316016,NA,NA,NA,NA,NA,3.25270962901924,2.29314957911976,NA,2.91189819902887,NA,NA,NA,1.96691913242553,NA,NA,NA,NA,NA,NA,NA,NA,NA,NA,2.28435946412748,NA,2.17858937424465,3.08462504398898,NA,NA,NA,NA,NA,NA,2.33579030411348,2.49883943163248,3.22959388534677,3.35856081080498
"301_13-NG45_10k-Termitinae-Pericapritermes_parvus","301_13-NG45_10k-Termitinae-Pericapritermes_parvus",NA,1.51315534623999,1.52588605733265,NA,NA,NA,NA,NA,NA,NA,NA,NA,NA,2.14269857100295,2.15806461946209,0.261022358544941,2.18143489724742,0.335571501941127,1.5903588723104,2.60350375388492,1.72035933962732,NA,NA,0.0117494919329426,NA,NA,NA,0.133972786737393,NA,1.61050314927588,2.00427348184738,2.04310483336217,2.10538079021297,1.64046749164365,2.4785610527637,1.19757942446442,NA,NA,NA,1.0747781121373,1.86258445737172,2.45382093864237,1.36116158404106,2.61267730270757,3.03187035362408
"301_62-NG45-Termitinae-Pericapritermes_parvus","301_62-NG45-Termitinae-Pericapritermes_parvus",NA,1.38063633561857,0.357152118510937,NA,NA,NA,NA,NA,NA,NA,NA,NA,NA,2.39896361975215,2.35232014103039,1.79941340060524,2.63089502020875,0.699898426350243,2.35031856504239,2.52641962881686,1.63638391623206,NA,NA,NA,NA,1.01042880074189,0.438763508377258,NA,NA,1.68770670294052,1.01827368311892,1.71363758155369,2.17827450955865,1.48347640055032,2.11276787821888,NA,NA,NA,NA,1.61676076217172,1.89643235618373,3.02339155464624,2.04456358971417,3.09134820741362,3.69200385695922
"301_57-SP1-Termitinae-Sinocapritermes_sp1_Iriomote","301_57-SP1-Termitinae-Sinocapritermes_sp1_Iriomote",NA,NA,NA,NA,NA,NA,0.138880146066787,NA,NA,NA,0.909000988566209,NA,1.75586041896933,2.88478740948072,1.7356333107615,0.804791353353522,2.19583941580748,1.16533010562304,0.614923447725198,2.87461651464829,2.31402568068531,NA,NA,0.248977770451151,NA,NA,NA,0.203653194019767,0.298597049183224,1.67363870572076,0.0445812006058464,2.00590037298184,0.879883226722766,1.32720932101756,1.46547946500495,0.878780813067056,NA,NA,NA,0.909539119731083,0.830100404842792,1.98261746534875,1.13272694037333,3.12125709368772,3.50649090228699
"301_76-SING57-Termitinae-Dicuspiditermes_nemerosus","301_76-SING57-Termitinae-Dicuspiditermes_nemerosus",0.0696415130877142,2.04856299739899,2.34197228093024,2.52948397980077,2.10589496141123,2.57647328472353,0.578747885543572,2.41875819576618,2.48436813708506,NA,NA,NA,0.717995049564793,2.71326515831915,1.1555736621473,NA,NA,NA,1.60741798422325,2.02235882197576,NA,NA,1.73475617460479,NA,NA,2.27579091732626,NA,NA,1.16653508364285,1.61125811776884,1.21370853980036,1.82211923503729,0.638773116819634,NA,0.617185811427692,NA,NA,NA,NA,NA,1.63224823689186,3.84344052899061,3.13682315556559,2.89011191359871,2.79430810057431
"230_20-BDIT069-Cubitermitinae-Cubitermes_nr_fulvus","230_20-BDIT069-Cubitermitinae-Cubitermes_nr_fulvus",NA,1.34681308313516,1.30254964525803,NA,1.99474429327708,1.30159231188923,1.99062974695177,NA,NA,NA,NA,NA,1.34349600976619,3.10976617971366,2.72483626655839,NA,2.44063311123631,NA,NA,1.67993541861555,0.245775124933493,NA,0.939388633432212,2.18334942814724,NA,0.939388633432212,NA,NA,NA,1.77029654024258,NA,NA,1.29389332175436,0.176913658660079,0.881414854939985,NA,NA,1.2744271214555,NA,NA,0.969642405906666,3.27755598995394,2.16203054256288,2.86275620098438,2.85376420579348
"301_73-RDCT159-Cubitermitinae-Proboscitermes_tubuliferus","301_73-RDCT159-Cubitermitinae-Proboscitermes_tubuliferus",NA,NA,NA,0.343920130370053,0.895535777428315,0.66513726443,2.54721681286939,NA,NA,NA,NA,NA,1.94485702223379,2.68746690894651,2.03269446338245,1.66492104056685,0.591385171391178,NA,0.407118801494232,0.918678038349153,0.904119432636495,NA,1.06467810545433,NA,NA,NA,NA,NA,NA,0.713365523792459,1.70374176229719,1.27877886807187,0.390231171143441,0.956261242937651,NA,0.525666242918224,NA,NA,NA,1.06047395977248,0.840056437580262,2.94279683809331,1.74342388141102,1.57218128145097,1.83825825896861
"301_69-RDCT105-Cubitermitinae-Ophiotermes_grandilabius","301_69-RDCT105-Cubitermitinae-Ophiotermes_grandilabius",NA,1.0259060413549,1.56795929668735,NA,NA,2.12071053697747,1.91277441354109,2.19990292109958,1.52539196365752,NA,NA,NA,NA,2.35237784281046,NA,NA,1.19919108794044,1.38818688920229,NA,NA,1.32505794385352,NA,2.17570243508582,1.31089072027946,NA,NA,NA,NA,NA,1.42430309620647,1.30131394877794,NA,0.759604996857188,1.83486746352297,1.47175226049504,NA,NA,NA,1.98563651862724,NA,NA,2.96097468095677,1.54714929341527,2.27516443117239,2.57076722167199
"301_05-49-Termitinae-Protocapritermes_odontomachus","301_05-49-Termitinae-Protocapritermes_odontomachus",NA,NA,NA,NA,NA,NA,NA,NA,NA,NA,NA,NA,0.245706217048354,2.78243453445916,2.71214817076387,1.6781834077122,2.04680310342585,1.06183594781132,1.88984599143126,1.92102376509619,0.642501641523324,NA,0.576895520752946,3.20609498901909,0.844124542132008,2.00051010966893,NA,0.557749036709342,1.27651104444477,2.40289342132925,2.4311556359875,2.16321482047306,0.82867147052547,2.13530378502816,2.76823037347212,1.69720120529134,NA,NA,1.2908407307581,1.89705530514256,2.55998891284961,NA,NA,1.91620499773228,3.10151195804359
"301_89-THAI096-Termitinae-Termes_propinqus","301_89-THAI096-Termitinae-Termes_propinqus",NA,1.16083680165775,NA,0.920592587688134,NA,0.863683880725217,1.51741918358678,1.27844808781833,NA,NA,1.0830374097169,NA,1.43348191719747,2.97600683769096,2.1397518650099,1.79151426963665,1.17401350983653,NA,1.09312164997794,0.639363290548439,0.908639963835879,0.54248961113588,1.35246592090427,1.08414316482897,NA,NA,NA,1.17772739242564,NA,1.98662756437002,0.754990543538588,0.918915904702432,0.265520315545925,NA,2.19429848484079,NA,NA,NA,NA,NA,2.33205601764236,0.749735899949242,NA,0.482904662867343,0.895250996481411
"301_71-RDCT125-Termitinae-Tuberculitermes_bycanistes","301_71-RDCT125-Termitinae-Tuberculitermes_bycanistes",NA,NA,0.086368763360705,1.18008746138736,NA,1.29617534586299,1.32002159505736,1.61940396085092,NA,NA,NA,NA,1.75053211946113,2.74902473805163,1.72195239484093,NA,0.29734661226958,NA,0.772959270332543,NA,0.937756032718276,NA,0.681344556241285,0.0896774431330657,0.530841940961842,NA,NA,NA,NA,NA,1.59517035281637,0.924867235002148,1.1456706848516,0.594657540503217,2.33894887968546,NA,NA,NA,0.392791927729054,0.315951357902889,1.11121243101838,2.77222862872049,1.36282687519032,2.40505017129874,2.47179700507083
"301_74-RD1T21M1_e-Termitinae-Promirotermes_pygmaeus","301_74-RD1T21M1_e-Termitinae-Promirotermes_pygmaeus",NA,NA,NA,NA,NA,NA,0.704272696256274,NA,NA,NA,NA,NA,0.726466931005207,2.68298281852317,2.34380389338642,2.12897411642709,3.13489515606603,0.384244141403226,2.73841588974833,1.76720590844219,1.89449781237005,0.0391786133350185,1.6615447917955,1.03551611814303,0.669785840811758,1.18030557360353,1.82636758910133,1.57546917218998,NA,1.88125898834564,1.5022345916056,2.04277662695228,NA,0.721322617429033,1.75298403248257,NA,NA,NA,NA,1.21604594922529,3.33432237051847,1.66017959609153,0.389199808640283,3.23209185569492,3.89364153143409
"230_01-CAM16_18-Nasutitermitinae-Leptomixotermes","230_01-CAM16_18-Nasutitermitinae-Leptomixotermes",NA,NA,NA,NA,NA,NA,NA,NA,NA,NA,NA,NA,2.16969210628194,2.52458337846115,2.36350912416857,NA,2.12108359144471,0.914829924822145,NA,NA,2.36323150766761,1.50673469596447,0.628758580013016,2.59924952149139,NA,1.69719231428193,NA,NA,NA,2.62638286414856,NA,0.75687915714084,NA,1.47189872592056,3.5435964168351,NA,NA,NA,NA,NA,NA,2.04887785836267,NA,3.01905116965467,3.37198423616676
"230_11-60-Nasutitermitinae-Nasutitermes_gracilirostris","230_11-60-Nasutitermitinae-Nasutitermes_gracilirostris",NA,NA,NA,NA,NA,NA,NA,NA,NA,NA,3.63460871675118,0.543576214614299,3.01407324775519,4.10456942719032,3.78750141567411,3.49916278336682,1.40373077074771,0.271133901449348,1.53408649641606,NA,1.08521014341074,1.84735908555673,NA,5.18712757590903,1.99930770388438,3.72799672367121,1.48539346278904,3.09677451792888,NA,2.48980471414958,4.3890760404088,3.08053997695904,0.291749300553231,2.84062887677182,3.06006780597715,0.820848703058619,NA,1.78875482841726,3.68821592633383,2.26184423773023,2.46242231157195,3.06191125811424,NA,3.99200232376858,4.78487281910834
"301_07-69-Nasutitermitinae-Nasutitermes_bikpelanus","301_07-69-Nasutitermitinae-Nasutitermes_bikpelanus",NA,NA,NA,NA,NA,NA,NA,NA,NA,2.39549359834614,3.26095930154288,2.4734512877556,2.9652328038277,3.88244582138887,2.84982105432509,2.77788374935341,1.18349017027627,NA,1.83604510624106,NA,0.164076054010822,2.28900927495756,NA,4.2646506988795,2.43256253823923,3.30904954123212,NA,1.75769831055211,NA,2.73587878784254,3.96635869318867,2.26356739813806,NA,2.83405223598578,2.88699324013834,2.3909833499385,1.94235418032176,NA,4.21539004596956,2.68672836932317,1.42063412233468,3.30279765677175,NA,4.04193864885555,4.85138862001124
"272_25-BRU6-Nasutitermitinae-Nasutitermes","272_25-BRU6-Nasutitermitinae-Nasutitermes",NA,NA,NA,NA,NA,NA,NA,NA,NA,1.61612726870923,3.53085708778886,0.950355278394764,1.94618526579582,4.10463947020779,2.63659377296861,2.54396253641352,NA,NA,0.0919690210644252,NA,0.413057770764637,NA,NA,4.72142067866198,0.651293951863177,2.39127766400202,NA,2.41740322278993,NA,2.10505982381405,2.75865910167958,2.13719848337051,NA,2.10010725365798,2.56829875650536,1.41544932335358,1.96518772628526,NA,3.52769553539209,2.80710028689918,NA,3.52363059390013,NA,4.19579086603269,5.34249318229639
"301_16-AUS54-Nasutitermitinae-Nasutitermes_triodiae","301_16-AUS54-Nasutitermitinae-Nasutitermes_triodiae",NA,0.559282149957171,NA,NA,NA,NA,1.08766762872799,NA,NA,1.25847185062789,2.25468220327338,1.2470221575312,2.30119777912466,3.53135182221588,1.82644308369182,1.64592912159384,NA,1.05804669190669,NA,NA,NA,NA,0.967281609779299,3.42750028846726,1.04785332225647,2.23001648038113,0.293601770573157,0.00555111194433877,NA,2.47474506638515,2.53262493347487,1.10760893805415,NA,2.01515039012667,2.7894570270116,1.69678187164393,NA,NA,3.66835337218413,2.65044238838046,0.75965813218579,NA,NA,NA,NA
"301_18-AUS62-Nasutitermitinae-Nasutitermes_graveolus","301_18-AUS62-Nasutitermitinae-Nasutitermes_graveolus",NA,NA,NA,NA,NA,NA,NA,NA,NA,2.47377242113221,3.61486082548652,2.88881282762282,2.45893652476456,4.10636632822698,1.8671134807481,2.16252452820173,1.17775753114828,NA,0.579572186666545,0.559769662411409,NA,NA,NA,4.5489639194602,NA,3.14236613590224,NA,1.75085028436742,NA,2.28139823503194,3.51106678151194,NA,NA,1.78028489528359,2.32095014079365,2.55677118324162,1.95970948614876,NA,4.33406537487743,2.33115567964824,NA,3.55727189123662,NA,3.58668456432496,4.7841423316515
"301_54-G733-Nasutitermitinae-Nasutitermes_macrocephalus","301_54-G733-Nasutitermitinae-Nasutitermes_macrocephalus",NA,NA,NA,NA,NA,NA,NA,NA,NA,2.60675150453387,3.32128522409482,2.67864603829726,2.9567443132397,3.92968843671262,3.37113885737812,2.86357271404117,0.73730341850821,0.823876692193094,0.4963817807106,NA,NA,0.172843512478539,NA,4.4289744352607,2.50941602041371,2.86399443950125,0.835197773871582,1.86241528923184,NA,2.41123450586947,4.09622759723865,3.04247415555736,NA,3.05151790194221,2.67676809200814,2.23681526568904,0.00408616801790807,NA,4.12782349014661,2.77355792058874,NA,3.37798305693953,NA,3.70981773194084,5.00100817070699
"272_82-RDCT106-Nasutitermitinae-Nasutitermes_lujae","272_82-RDCT106-Nasutitermitinae-Nasutitermes_lujae",NA,NA,NA,NA,NA,NA,NA,NA,NA,1.63981367765769,2.39229592955579,1.59616077264938,3.20799923784393,3.13857145984452,3.34728856280104,3.04177535727347,1.6138530885746,2.30008036231132,NA,NA,1.22970841976128,NA,NA,4.579864897821,NA,2.55142105676793,NA,1.77546680687144,NA,1.80234507839916,4.20731614059246,2.02943627181587,2.69330340996898,2.96752967060333,3.34082978870069,0.369102108919178,NA,NA,3.44576345019017,1.6764443312274,NA,2.52415051036531,NA,3.95619118734758,4.76539939724362
"272_21-BDIT041-Nasutitermitinae-Nasutitermes","272_21-BDIT041-Nasutitermitinae-Nasutitermes",NA,NA,NA,NA,NA,NA,0.0502004843812804,NA,NA,2.4553267120865,3.15834049932677,1.86829929821919,3.32367170428623,3.90318516358032,1.51669891636966,2.72301861310263,2.73477667437386,2.66260338889524,NA,NA,2.29188122351566,0.616242911505404,NA,3.99802728425959,3.02694585872399,NA,NA,2.29541090636109,NA,2.6629023289347,4.13515927893238,1.95272777853749,1.7906501371532,2.90563765417461,3.16218109271144,2.14936897685566,NA,NA,4.07072247717195,3.53168876421143,0.774519729643995,3.08322364712527,NA,3.45654155988983,4.40562961637135
"272_50-KE15_44-Nasutitermitinae-Trinervitermes_gratiosus","272_50-KE15_44-Nasutitermitinae-Trinervitermes_gratiosus",NA,NA,NA,NA,NA,NA,0.0886015836639769,NA,NA,1.75551567375219,4.04721688524419,1.85790986199615,2.59241084338634,3.89042853343027,3.38437468712205,2.7241305041943,2.52847128173231,0.867117524234867,1.97120708532345,NA,0.793890073591516,NA,1.15102165564805,4.11185915171022,3.14288025902666,3.45458821560998,3.07818119361531,2.45988656231082,NA,3.6031577654279,3.98045444065941,2.4760805773344,1.35916328542971,3.43280742026611,2.9541145661631,0.353512639321797,NA,1.69243424915828,2.7458592162636,1.72079423952236,0.495462989090061,1.91811571315309,NA,2.66899691212332,3.69990446891729
"301_24-BDIT094-Nasutitermitinae-Trinervitermes_sp","301_24-BDIT094-Nasutitermitinae-Trinervitermes_sp",NA,NA,NA,NA,NA,NA,NA,NA,NA,2.85809088264757,3.86140815117959,2.21099124162066,2.40453977205198,3.79844651332951,3.29750430168032,3.30177387931343,1.51329675597691,NA,1.07539495127616,0.159395558412543,0.274037406400433,NA,0.0963771918544323,4.0650788665943,2.49226242487302,3.10409864890045,2.76997252330462,2.09189503431094,NA,3.38660061948391,3.99732895533982,2.3704223894114,0.642763029221515,3.19250470124893,3.03581696249065,1.94569570531356,NA,NA,3.6450270025232,2.44154530658918,1.37031393501974,NA,NA,0.602854572710293,2.2958486009012
"230_13-THAI43-Nasutitermitinae-Nasutitermes_sp_3","230_13-THAI43-Nasutitermitinae-Nasutitermes_sp_3",NA,NA,NA,NA,NA,NA,NA,NA,NA,1.07913532402997,3.95424237294346,0.987687178367781,3.34060595430869,4.06264959511251,4.02643438210028,3.89114451400377,2.43785182760871,2.16610306556103,1.26785682040594,NA,1.67147396371709,NA,NA,4.63227710219825,3.13960372268796,3.54816030258602,0.31749995860231,2.56696601661176,NA,2.6895801743989,4.59372875712735,2.70020263739409,NA,3.86790594888643,3.52038994211672,0.179972071807866,1.33959042463171,NA,1.97020279646324,0.492950223952923,0.227105620716671,1.62445705480987,NA,4.57259519662179,5.50376259957224
"301_85-THAI45-Nasutitermitinae-Oriensubulitermes_inanis","301_85-THAI45-Nasutitermitinae-Oriensubulitermes_inanis",NA,0.605073424588374,1.59114152375722,NA,NA,NA,0.114186256204335,0.033190203677949,NA,NA,NA,NA,0.349882065089371,2.7418678463439,1.99386156932359,1.50385799581741,1.81845021213837,1.73115490914229,1.63845751484341,2.25746906424684,1.84118335422347,NA,NA,0.0808682520964317,NA,1.59479146917004,1.71515506600695,1.75862222009593,NA,1.32155528294913,2.34104752267846,1.68656195056904,1.58588425565231,2.62542970099179,2.92576499921759,0.914734409275843,NA,NA,0.294867335461113,0.555429183796592,2.88117753639807,2.85236149460437,1.33257510817436,3.43280891876937,3.64263329659964
"301_87-THAI067-Nasutitermitinae-Hospitalitermes_sp_C","301_87-THAI067-Nasutitermitinae-Hospitalitermes_sp_C",NA,NA,NA,NA,NA,NA,0.125186962785979,NA,NA,NA,1.82355824630735,NA,1.95062412092471,3.54202680518647,2.37500033578812,2.07014120327107,1.65341015919457,1.36938351609996,2.07878518382588,NA,NA,NA,0.255485010030779,2.98210397893375,1.77985948083133,NA,1.44147312602543,1.55192920974447,NA,3.11434226502048,3.34784972229876,2.64711538912916,NA,2.14138640979905,2.87546001521034,NA,NA,0.541466779688612,1.75765703276374,1.98700551560905,2.58778697585809,1.51049717497222,NA,4.03041453994613,4.5632513048287
"301_80-THAI100-Nasutitermitinae-Bulbitermes_nr_laticephalus","301_80-THAI100-Nasutitermitinae-Bulbitermes_nr_laticephalus",NA,NA,NA,NA,NA,NA,0.786970155564541,NA,NA,2.46371179294848,3.66185688717385,2.68687532776778,2.53913154174969,3.96871622221293,3.22197106440651,3.13857780586714,2.58240480679503,1.44871331493576,1.04467345940466,1.56342002373791,2.37595219959154,0.00296805116396426,1.36787360628971,4.18737690190352,2.62543965222304,2.65451629161948,0.274115707190567,0.905978630825323,NA,2.78276178187069,3.95813312242909,1.38052263853835,0.423863974416268,3.15710602663522,2.8249414647052,1.8491789662261,1.65835805617299,NA,3.70683767761131,2.76171027695627,2.2399038050721,2.90093688736647,NA,3.59220348738271,4.60919743827813
"301_14-AUS49-Nasutitermitinae-Nasutitermes_sp_G","301_14-AUS49-Nasutitermitinae-Nasutitermes_sp_G",NA,0.193685553227992,0.173900793653092,NA,0.850226894903642,NA,1.27895426433863,NA,NA,NA,1.18387173170949,NA,2.78400228715686,3.31691054139174,2.73873711089783,2.45334095239406,1.44409537001092,1.23774930684517,1.66296988690588,1.78916872610275,0.615428248036938,1.10836641991018,2.02888353773636,3.35060453877565,1.61677130923339,2.98790198089443,NA,1.53951104387944,NA,2.97259596513412,3.34078632159657,2.39759864341091,NA,2.56895762838233,3.13851109359909,0.947430222138996,0.661017111278037,1.31605110335881,NA,NA,1.46980869557925,2.78144914910175,1.14309824544514,3.6168762355209,4.42879291112907
"301_64-NSW6-Nasutitermitinae-Occasitermes","301_64-NSW6-Nasutitermitinae-Occasitermes",NA,NA,NA,NA,NA,NA,0.211682499788474,NA,NA,2.60008391802511,3.12286750160265,1.83221015262911,3.61310202846398,2.97942825100047,2.95072227412011,2.41745386334731,2.88473687434601,NA,NA,NA,1.87308989385002,NA,NA,3.77756935534328,2.98132077785366,2.60765483959121,NA,2.46236109690814,NA,2.80945737135944,3.68211551170504,1.8994676483804,1.39517045681251,2.42192842377078,3.10716958029775,1.52104622903853,NA,NA,3.37185216553574,2.03502733847034,2.97406658626093,0.92600036973949,NA,3.2024735940166,4.55629777515139
"272_40-G13_30-Nasutitermitinae-Coatitermes_kartaboensis","272_40-G13_30-Nasutitermitinae-Coatitermes_kartaboensis",NA,NA,NA,NA,NA,NA,0.0849137997940139,NA,NA,NA,NA,NA,2.94275958033269,3.38615090510976,3.36558027860942,1.86721488478407,2.13272312461868,NA,2.46230793513578,NA,2.80437360145825,0.252476569585315,NA,4.06791474032329,2.04316376342948,2.86905594159929,NA,2.88132298732524,NA,3.1053691037767,3.52129409912927,3.5464261266515,1.84255618088459,2.93032532843473,1.83153440846709,1.23869907113311,2.37829744281125,2.98331319737632,2.29581301171332,2.64793053819549,1.98445174873218,2.86943473391847,NA,4.03619316319913,4.99792590106756
"301_39-G13_130-Nasutitermitinae-Coatitermes_sp_2","301_39-G13_130-Nasutitermitinae-Coatitermes_sp_2",NA,NA,NA,NA,NA,NA,NA,NA,NA,3.15002911943862,3.85645533124861,3.15465211578482,2.88372490032777,3.70274980485635,3.60016710998284,2.26643787947451,1.07053259571571,NA,3.28562350376754,1.64512960087245,1.73505785377613,0.380115717352273,NA,3.24037689768806,2.46561993838186,2.61536073986126,0.364785347763745,2.36190866737268,NA,2.98137857450063,4.03323441556091,2.91169776276821,0.63066271290941,2.50685505585674,2.37595761635588,1.12935090184584,2.32395910382683,2.60562433539159,2.56980805068214,0.0275776558860384,1.58907043125652,3.45165713685384,NA,3.27029668106587,4.16365755212696
"301_52-G729-Nasutitermitinae-Araujotermes_parvellus","301_52-G729-Nasutitermitinae-Araujotermes_parvellus",NA,NA,NA,NA,NA,NA,NA,NA,NA,NA,NA,NA,NA,NA,NA,NA,NA,NA,NA,NA,NA,NA,NA,NA,NA,NA,NA,NA,NA,NA,NA,1.40533046696431,NA,NA,NA,NA,NA,NA,NA,NA,NA,NA,NA,2.81676066719552,2.81676066719552
"272_46-G728-Nasutitermitinae-Agnathotermes_crassinasus","272_46-G728-Nasutitermitinae-Agnathotermes_crassinasus",NA,NA,0.436720326275322,NA,NA,NA,1.28309054262484,0.523682119768642,NA,NA,0.691188374841422,NA,1.70354594400522,3.28938020872321,2.60918273540026,1.40586137289284,1.25565214073579,NA,0.834116528679699,1.02472647311815,0.804767449917332,NA,1.10544253355174,2.79675724014554,NA,NA,NA,1.33193478444549,NA,2.57268145882237,3.11548423377093,2.54799393984216,0.487155838906159,2.34067714911347,2.12467700731567,2.1209642843365,NA,0.647372379098887,3.10919474777102,2.81077492354314,NA,2.58805908036607,NA,1.10247335194031,2.22502306476404
"301_32-BRA1-Nasutitermitinae-Constrictotermes_ciphergaster","301_32-BRA1-Nasutitermitinae-Constrictotermes_ciphergaster",NA,NA,NA,NA,NA,NA,1.26304139573708,NA,NA,NA,1.37947113665103,NA,2.67540068806772,3.63981833416091,2.5714641732242,2.12342577802219,1.46978420540677,2.01491581923415,0.469688717394813,1.47511869487274,0.905940734269797,NA,NA,2.62335032020271,NA,0.928014281314377,NA,1.8781715978147,NA,2.61753832137374,3.78485164601818,1.8652855757362,0.385082475483257,2.77101942459201,3.14977116301184,1.33854291246842,1.82735513562266,1.62095868997256,2.81760739886068,1.79518414597182,2.19612798416887,2.35414148238098,NA,3.69410820741913,4.12365293414378
"301_44-G13_48-Nasutitermitinae-Constrictotermes_cavifrons","301_44-G13_48-Nasutitermitinae-Constrictotermes_cavifrons",NA,NA,NA,NA,NA,NA,NA,NA,NA,NA,1.08811794824581,NA,1.85816531719596,3.42901774713919,3.02953885056652,1.86680867411503,2.47098275848796,1.79551200134745,2.28881524686259,2.05949814682803,NA,NA,NA,2.17929129911932,NA,2.3244727043429,NA,NA,0.568708041561001,2.05360253748113,3.07945404317368,3.81817674077057,1.22618040234994,2.62166783773201,3.20463342522038,1.14209916458922,NA,1.05539951741759,NA,2.20496354190291,2.26989390571643,NA,NA,NA,NA
"272_32-CIVT017-Nasutitermitinae-Mimeutermes_sorex","272_32-CIVT017-Nasutitermitinae-Mimeutermes_sorex",NA,1.41901389930502,0.883655237427791,1.23121375682623,0.806492713573026,0.280828504650979,2.13144857251031,0.497211116864269,0.244099369840983,NA,0.637191826817182,NA,2.49955590159334,2.92762332397665,1.13664540566157,0.490857680587413,1.66391231181523,0.482071567896184,0.498981973386799,NA,1.65433947773621,1.15908900011336,0.830653387821531,NA,NA,1.19296338899397,NA,0.586788567705433,NA,1.81443010380616,1.8916228016805,0.497086514714756,0.0209049796608458,1.32940836927298,1.79428915010954,NA,NA,NA,NA,NA,1.96122827976229,3.07684513859209,1.84024756151075,2.26219422445073,2.11953224197366
"272_39-G13_24-Termitinae-Cylindrotermes","272_39-G13_24-Termitinae-Cylindrotermes",NA,NA,NA,NA,NA,NA,NA,NA,NA,2.80705948210358,2.69044463761126,2.35446313199956,2.88880450522296,2.96616882667673,2.90818394014922,2.77011406384764,2.29702178505794,1.04758388723344,1.46290131193783,1.57295663077263,1.30015868920534,NA,NA,3.66489353012277,2.37164087123444,2.83541585834881,NA,2.33809673799027,NA,2.81559821932151,3.709988347434,2.89449009557322,NA,2.26687625945519,2.90944305921889,1.25507642478072,0.520359805359671,1.04641846446309,3.6802938392119,2.52544231640002,1.31481004461385,NA,NA,NA,NA
"272_86-RDCT180-Termitinae-Cephalotermes","272_86-RDCT180-Termitinae-Cephalotermes",NA,NA,NA,NA,NA,NA,NA,NA,NA,NA,0.260430082547697,NA,2.72393452688554,3.67248438966723,2.88059964067042,2.78998918861012,2.67350978202425,1.59691751380822,1.42011714451627,1.08429530993183,0.040703880516805,NA,NA,3.85988063339807,NA,2.76969582280963,2.42118567144068,3.04995539860967,0.000893929707137531,2.85967017550362,3.91119693172592,2.4350760053547,NA,2.55956541264584,3.46389972692307,2.77768383660972,NA,1.47149652846001,3.99640253402873,2.40393895436362,0.0559517364715378,2.76271594218298,NA,3.17525025592731,4.4486162207141
"272_93-TBRU711D-Termitinae-Orientotermes","272_93-TBRU711D-Termitinae-Orientotermes",NA,NA,NA,NA,NA,NA,NA,NA,NA,NA,2.83187648843249,NA,1.40732972677403,3.47869344397823,2.44327319341302,1.58610372056409,2.87912250365837,NA,0.356498924904714,NA,1.1449944593689,NA,0.000363790404386055,3.83977334639149,2.67430229214475,2.97466129793657,NA,2.54603361151074,0.515413392578598,2.99847972972596,3.52394971655035,2.08805028847814,0.980980926916985,2.76457401094922,3.62652527540906,0.885424566589532,1.94207146634942,2.51089013672641,3.11170833189853,1.45132345488896,NA,2.96792041371511,0.421921382072956,3.30203800952494,4.51567152205777
"272_22-BDIT49-Apicotermitinae-Aderitotermes","272_22-BDIT49-Apicotermitinae-Aderitotermes",NA,NA,NA,NA,NA,NA,NA,1.66776604672629,NA,NA,NA,NA,2.09335786378903,NA,NA,NA,2.07532862333303,NA,NA,NA,NA,NA,NA,NA,NA,NA,NA,NA,NA,NA,NA,NA,NA,NA,NA,NA,NA,NA,NA,NA,NA,3.32291501924473,2.9037518836797,1.56383602759555,1.56383602759555
"301_67-RDCT070-Apicotermitinae-Ateuchotermes_sp_B","301_67-RDCT070-Apicotermitinae-Ateuchotermes_sp_B",NA,1.36968088246857,1.76082636554004,1.6816372959967,0.994525327858443,1.08237096884218,0.96777090810497,1.54681293724389,1.6130543179063,NA,NA,NA,NA,2.25700893207957,2.14872554391309,1.13269572402748,NA,NA,0.060069074929581,NA,NA,0.84737832146928,1.23688272949971,NA,NA,NA,NA,1.5148869482343,NA,1.29198238063692,NA,NA,NA,0.130085094013049,2.59818937626604,NA,NA,NA,NA,NA,2.50883399850814,2.44813683367597,0.611431746711865,0.666783428209035,0.951907828297058
"301_68-RDCT098-Apicotermitinae-Amalotermes_phaeocephalus","301_68-RDCT098-Apicotermitinae-Amalotermes_phaeocephalus",NA,0.758194544734859,0.690437413278327,NA,NA,NA,0.181057164817296,NA,NA,NA,NA,NA,NA,1.43815611695307,0.993827667449111,0.242122869723038,1.14015322571826,0.177080649992375,1.02876466375323,1.13632385183649,0.833556389534189,NA,NA,2.59206167041813,0.457273449321389,0.501027822590228,NA,NA,NA,0.290470519328495,1.9014629243724,0.760109060305106,NA,0.799184270092029,2.06883642935103,0.897244926137675,NA,NA,2.21932791454289,1.32075913018085,1.62450594931293,0.786385631751022,NA,1.48397876321896,1.99264514295598
"301_65-RDCT021-Apicotermitinae-Acidnotermes_praus","301_65-RDCT021-Apicotermitinae-Acidnotermes_praus",NA,NA,1.5820722995092,NA,NA,NA,NA,NA,NA,NA,NA,NA,1.91779388190722,3.37813040288458,NA,NA,1.41316762492569,NA,NA,NA,NA,NA,2.19111810267991,NA,NA,NA,NA,NA,NA,1.41250258432174,1.95517075338588,NA,NA,1.98953326090052,2.53076893181233,NA,NA,NA,NA,NA,NA,3.16859999112265,2.57591438970557,2.62172821248134,2.66455383618726
"272_42-G13_4-Apicotermitinae-Anoplotermes_parvus","272_42-G13_4-Apicotermitinae-Anoplotermes_parvus",NA,NA,NA,NA,NA,NA,1.63016467999905,NA,NA,NA,NA,NA,0.849395722258611,3.03514799379769,2.45035046787643,NA,NA,NA,NA,1.77255418396487,2.59703637178427,NA,NA,2.65143570405546,NA,2.17396013942885,NA,1.87109381403439,NA,2.12514072921011,3.05598284352335,2.32751667036379,1.72538913911062,2.30897600463521,1.47799995865623,1.16501187018691,1.48570636378759,1.92544324153328,NA,NA,NA,2.01348590522119,0.965921018625193,2.33617346704302,2.55428542782622
"301_41-G13_32-Apicotermitinae-Anoplotermes_banksi","301_41-G13_32-Apicotermitinae-Anoplotermes_banksi",NA,0.899037850891445,0.990701201672574,1.10620962776472,1.46242069612658,1.56162942577536,1.47436577721495,0.725907248053656,0.817194914435723,NA,NA,NA,1.32365514050701,2.79598862039848,2.36766201270639,1.18897931211396,2.10408002062945,0.30715290881136,0.997267006676947,1.09796631199562,1.25339397103646,NA,1.71178832835228,1.70031004379823,NA,NA,NA,0.321792073612978,NA,1.30666855283986,1.4174202744308,1.29240357507246,1.52600010166577,0.512418747264166,1.13657000199465,NA,NA,NA,NA,NA,0.999520790140754,3.21189853441892,2.10743757797545,3.05934097471202,3.41789595296988
"301_48-G13_8-Apicotermitinae-Anoplotermes_janus","301_48-G13_8-Apicotermitinae-Anoplotermes_janus",NA,NA,NA,NA,NA,NA,NA,NA,NA,NA,NA,NA,2.14106077200907,2.33608740183385,1.9031924710539,NA,NA,1.3599943898306,1.94756653520178,1.33113618740564,0.996068849672804,NA,0.494024389804408,2.38527352306065,NA,1.44848580020202,NA,1.74036571889853,NA,2.58982291866084,NA,2.79109982409997,NA,2.18120164842103,1.41956586335889,1.73141114897775,1.17109355682667,1.63764814359655,NA,1.32450423178388,1.30371367427039,2.23529502531314,1.1601514392678,2.93528091535967,3.06580261390277
"272_47-G756-Apicotermitinae-Patawatermes","272_47-G756-Apicotermitinae-Patawatermes",NA,0.894803544565695,NA,NA,NA,1.3843851969038,1.21855845183825,1.44162734509819,NA,NA,NA,NA,2.41878072589735,2.24825213013202,1.6515413277886,1.33094988885891,1.41023439273655,NA,0.680356933994702,0.998010511264529,0.509068057547792,NA,2.27723841420137,1.08944581262194,NA,NA,NA,NA,NA,1.5614121532647,1.26499347642841,1.35275494292981,0.487481541826754,2.06585278620762,NA,NA,NA,NA,NA,NA,1.538375746156,3.78516196203821,2.72495532953995,2.22901868805278,2.32567697553782
"272_90-T414A-Apicotermitinae-Euhamitermes","272_90-T414A-Apicotermitinae-Euhamitermes",NA,NA,NA,0.357496626300156,0.531566397244159,0.337812836836209,1.08684375467887,NA,NA,NA,0.4372438920913,NA,NA,2.72949913735224,2.47833618267231,1.88627659884126,3.15166241300932,0.692938713884717,2.70512014610298,2.15022242527668,2.03976074499343,0.632386731036241,0.923634201382896,2.72034288273055,0.708752649503587,1.58224356475764,NA,0.785747235897756,1.30534801390471,2.37767721605186,1.89914913481587,2.05436374799102,1.78396588287804,2.45080503884825,1.92854020647847,0.199124835518486,NA,NA,NA,1.1028810906082,0.914957232037648,0.283755698174425,NA,2.01732514326555,2.67061952365275
"272_30-CAM212-Apicotermitinae-Heimitermes","272_30-CAM212-Apicotermitinae-Heimitermes",NA,2.82291183299644,3.03473151353123,2.70469096527919,NA,1.21519849193466,NA,2.72918328217789,0.691184848910005,NA,1.55994858099595,NA,NA,3.12103287642281,3.28863544709426,NA,NA,NA,NA,2.81565830451658,1.09996801108804,NA,3.0632680670144,NA,NA,0.953474761410471,NA,0.576503981670447,NA,0.82346996848747,NA,2.65197431527021,2.52941337139522,1.09561894244169,NA,NA,NA,NA,NA,NA,NA,4.47109602345746,4.07733733355177,1.31552996488979,0.99911319340621
"230_21-TBRU814E-Foraminitermitinae-Labritermes_buttelreepeni","230_21-TBRU814E-Foraminitermitinae-Labritermes_buttelreepeni",NA,NA,NA,NA,NA,NA,NA,NA,NA,NA,NA,NA,1.46466575481679,2.63526595335616,1.89229967089394,1.77715246073555,1.47199540439796,NA,NA,1.75371947147394,1.02632796840332,NA,1.86128845069107,1.35855416119285,NA,0.864054583418879,NA,1.23701426089657,NA,2.23824866559501,2.16265128211605,2.01794707925394,0.825370345131021,2.61098708362948,2.06384536428452,2.35015775509401,0.59496867529478,0.885975296619153,2.8927167795688,2.26192562092172,NA,2.11581016537296,NA,2.40008743080035,3.54738827320234
"272_20-BDIT108_2-Foraminitermitinae-Foraminitermes_rhinoceros","272_20-BDIT108_2-Foraminitermitinae-Foraminitermes_rhinoceros",0.0944646762893941,0.810125245575192,1.01963501946448,0.925099355787389,0.669238437237965,1.10256997617077,1.63210739753112,0.408536361873071,0.425532507147315,NA,NA,NA,1.74358370026687,2.58237022585071,1.86101104843172,1.55728710666154,0.86505350293612,NA,0.644345598746631,1.39104604144102,0.556118312776358,1.70078091575005,1.13190644215462,NA,NA,1.17138459086116,NA,NA,1.4383148484335,1.45981276802105,0.629197635713083,0.949647649488663,NA,1.58221630512232,1.93687638296772,0.945529980584771,NA,NA,NA,0.0393047540243252,1.07771584275879,2.33466685436458,1.05455493915774,0.318868479653262,0.463427368749752
"230_09-BDIT072-Macrotermitinae-Macrotermes_subhyalinus","230_09-BDIT072-Macrotermitinae-Macrotermes_subhyalinus",NA,NA,NA,0.977614516833756,0.981370900038566,1.5296913633701,1.95672942418353,NA,NA,NA,0.811819397680426,NA,1.59248746961438,3.48149331299037,2.48202665090411,0.125285522221271,2.61448981072146,0.465585805235411,2.54603405666844,2.54829635618346,2.24102840870925,NA,2.11758642535856,2.00675389879814,0.0250287866685894,0.95684395140634,NA,1.77692304397589,NA,2.54828258190289,2.40810420568546,1.81085284531561,1.48447049803365,2.41248064465954,NA,1.30212268470006,NA,NA,2.23593732267251,1.02162604638971,1.13980072468029,2.70293794302799,1.22571305148962,1.968957508805,2.70358178451338
"272_99-THAI50-Macrotermitinae-Macrotermes","272_99-THAI50-Macrotermitinae-Macrotermes",NA,NA,NA,NA,NA,0.234902227103438,0.717596207521597,0.0233779272162908,0.014680399990284,NA,NA,NA,0.169782615213359,3.43649693527316,3.13164744459099,2.01131146593721,3.66760512179546,2.74758254413033,3.52907446783565,3.11186825492389,2.9057284311866,2.92738517801038,2.03003184643403,0.969209735301838,1.06745949296177,1.72913757261245,NA,1.08255739343007,0.574780665777436,3.31599610675792,2.75267752764149,2.41434566936371,1.90152432579267,3.52244340687676,2.43069429708329,0.526387560463994,NA,NA,NA,NA,2.40828133008281,NA,NA,0.898654423298385,1.55110116902062
"301_88-THAI071-Macrotermitinae-Macrotermes_annalandai","301_88-THAI071-Macrotermitinae-Macrotermes_annalandai",NA,0.878916778938634,0.946272006104434,NA,NA,NA,1.52570114754047,0.0190202514467082,0.174363529161225,0.467183055481404,0.666036036417003,0.456465105681243,0.195599333492363,3.1064035429003,2.74046898803197,1.39769786911921,3.17317324097147,2.08548028054669,3.10191621244143,2.62161866762058,2.30460348590866,2.16218343477144,0.523232447552119,1.64167649655313,1.7325347325345,0.34472802046717,1.00388859512956,1.82260771310649,NA,2.42650639042466,2.35177317265384,2.06654786698698,1.95363232325435,2.71826587394447,2.19569853813047,NA,NA,NA,1.16582564501686,0.0964880598001554,2.36970549174766,2.69754468990553,1.40191762096147,1.11134680768454,1.11134680768454
"272_87-SAF5-Macrotermitinae-Allodontotermes_schultzei","272_87-SAF5-Macrotermitinae-Allodontotermes_schultzei",NA,NA,NA,1.21048367333303,1.09836899418587,1.52515035875837,1.57556314621891,NA,NA,NA,0.191409864568869,NA,0.344543386992757,2.85020793998982,2.60617690017795,0.622807925546418,2.98494485322406,2.58749665457171,2.61539993449866,3.26748378798111,2.06586215009931,2.00020844080202,1.38837484690568,NA,1.00437372383261,1.40402701079086,NA,0.708582717913111,NA,2.65563902954423,2.14227541810189,2.22493214752242,0.0626003971304649,2.48685431701681,1.91453161152997,0.748651725777156,NA,NA,NA,0.083615301906989,1.18824431543912,3.06801924875858,1.38280070782515,2.45780745387201,2.83037022575787
"301_30-BDIT086-Macrotermitinae-Odontotermes_sp","301_30-BDIT086-Macrotermitinae-Odontotermes_sp",NA,NA,NA,NA,NA,NA,1.36579878376915,NA,NA,NA,NA,NA,1.14334598875463,3.09465214142239,2.91651141237608,2.11677637013321,2.95511219046007,2.57958613525611,2.68211335185525,3.1600688185685,2.29096151009229,2.32490744352659,1.50285145321906,NA,1.04399588087962,1.68655000752603,0.282226650573582,1.29785075215461,NA,3.00171735069039,2.8918226383808,2.01146968470753,0.488396025950636,2.90047471568357,3.16962421704163,0.930402576148314,NA,NA,NA,1.21922691797639,1.79932715655485,2.92315790361098,0.541440057336009,3.20368910036532,3.54955403165674
"301_86-THAI064-Macrotermitinae-Odontotermes_javanicus","301_86-THAI064-Macrotermitinae-Odontotermes_javanicus",NA,NA,NA,NA,NA,NA,0.598886207684912,NA,NA,NA,NA,NA,NA,3.4336268604736,3.08222171641612,0.382843619531555,2.88672440286393,2.35011443004144,2.33828998179261,3.50940553195502,2.75264561340516,2.42270512982977,1.51537169676682,0.249092829118223,1.35947519958136,1.70098775678365,NA,2.11307844391669,NA,2.61901700427798,1.97825804114011,2.28860178530795,2.29168693004719,3.16553412296384,2.89954467778551,NA,NA,NA,NA,NA,NA,NA,NA,NA,NA
"301_72-RDCT144-Macrotermitinae-Odontotermes_sp_D","301_72-RDCT144-Macrotermitinae-Odontotermes_sp_D",NA,NA,NA,NA,NA,0.530885984145414,1.08935538565694,0.0825337182219334,0.233393752440817,NA,NA,NA,1.16397812806381,2.88838596400082,2.79270239493904,0.582538959216759,3.0195617608953,2.85920680688316,3.05841608379442,3.23900970686215,2.87811343485555,2.86999969937569,1.41971123660937,NA,NA,1.39286391049272,0.190313252950489,1.1609089061474,NA,2.76930211304984,2.50036300300755,2.07405733564755,2.36626807472335,3.1110748276609,2.41256931749226,NA,NA,NA,NA,1.17451778287143,2.33097425536995,1.60822397724751,0.365646560584212,1.67311694656386,2.11807315965467
"272_26-CAM16_02a-Macrotermitinae-Acanthotermes","272_26-CAM16_02a-Macrotermitinae-Acanthotermes",NA,NA,NA,1.6204958566988,2.04009882272134,2.06874564467449,1.54031296023027,1.21159344244729,NA,NA,NA,NA,NA,2.34709935097006,2.15739625044423,1.77684568628545,NA,NA,NA,NA,0.400689894560327,NA,2.98636795609099,NA,NA,NA,NA,NA,NA,NA,1.83500607291839,0.414353389310741,NA,NA,0.479111270629773,NA,NA,NA,NA,NA,NA,2.45911184542556,1.34122655991613,0.561549185771176,0.561549185771176
"272_83-RDCT109-Macrotermitinae-Pseudacanthotermes_militaris","272_83-RDCT109-Macrotermitinae-Pseudacanthotermes_militaris",NA,0.879914397988718,0.951763471117028,0.180358931441687,0.120169359963627,0.357613075830238,0.00128974760649836,NA,NA,1.70557371648198,1.93477308515611,1.66236737206462,1.36208471994745,1.96449032628872,1.50409061903304,0.72830347064957,1.5049882623947,0.391266199767869,0.84520606032278,1.02387128787312,0.800536659782219,NA,2.21236408147985,NA,NA,0.69789793739884,NA,NA,NA,1.74225981109438,1.19694576050149,1.0091874334137,1.23112812566748,1.8321231648292,2.92638856600655,NA,NA,NA,NA,NA,NA,3.01377498870776,NA,0.589796142320193,0.995415498518982
"230_22-RDCT165-Sphaerotermitinae-Sphaerotermes_sphaerothorax","230_22-RDCT165-Sphaerotermitinae-Sphaerotermes_sphaerothorax",NA,NA,NA,NA,NA,NA,NA,NA,NA,NA,NA,NA,NA,4.12211799223535,3.40593433976763,2.98193060762995,1.78535325278899,0.820360829275345,1.10909974528656,1.62124155866666,1.65964973228696,NA,NA,4.60196655293052,0.0763900487684785,3.29730643463559,2.82170637779951,3.13652070190459,NA,3.11606022164487,4.26731131354615,3.56924473820157,1.10341036942846,3.14590736855017,4.11053726066655,2.77178259162157,0.405983104910362,2.53039621748825,4.13969971498729,2.70104627342303,2.86259178685578,3.36178691073077,NA,2.54859080641614,4.2205888954488
"301_63-NG90-Rhinotermitidae-Prorhinotermes_inopinatus","301_63-NG90-Rhinotermitidae-Prorhinotermes_inopinatus",NA,NA,NA,NA,NA,NA,1.24512932736922,NA,NA,0.684334258666141,2.11700287148855,0.60317941459641,1.08433949421189,3.5608366911133,0.883054180646268,1.564393541658,2.24368189632728,1.56016876988715,1.86069620006334,2.21393580270555,0.732861876736487,1.81004947630296,0.765285360161301,NA,1.10250283938512,NA,0.666278367530322,0.516388596451426,NA,1.21598969170648,1.50159703039757,1.37661170591136,NA,1.61297452683182,0.428200237249094,1.42017520945585,NA,NA,NA,NA,NA,3.74864117238974,0.648421045729332,1.78626239076106,2.06426145606112
"230_25-BRA31-Serritermitidae-Serritermes","230_25-BRA31-Serritermitidae-Serritermes",NA,NA,1.44243230445305,1.17260456780274,NA,NA,3.12318433023907,NA,NA,NA,NA,NA,NA,3.0541312837118,NA,NA,3.44361970696378,2.45722631307561,3.1322489946421,3.36265446913282,2.64592594856813,1.51193563360289,NA,NA,NA,0.586887668164235,NA,NA,NA,3.81876298631561,2.27526055216541,2.18519728742743,NA,2.83552912380741,1.41498104976606,NA,NA,1.81988976299541,NA,NA,NA,3.45826421496914,2.57589835409896,2.72150624610577,3.08132704260408
"272_37-G13_144-Serritermitidae-Glossotermes","272_37-G13_144-Serritermitidae-Glossotermes",NA,NA,0.535340804809659,NA,NA,0.196385472427148,1.45834003896791,1.00315202665537,1.29343947448981,NA,0.400064001232563,NA,1.63749043839035,2.82867049114414,1.11613360451943,NA,2.58578829007888,0.855965590858702,2.26981746547116,2.09381549014392,1.77056481201564,2.43716651227527,1.88506142553551,NA,1.53616478041336,2.26324622225353,NA,1.25552986244477,NA,2.47576448533588,1.46877071738835,2.31945520847408,NA,2.43367235228588,1.71633367347358,0.979576223901094,NA,NA,NA,0.608825434774731,NA,2.89857474579782,1.55072629464543,2.54445369100996,2.62033192369626
"272_03-30-Rhinotermitidae-Parrhinotermes_browni","272_03-30-Rhinotermitidae-Parrhinotermes_browni",NA,NA,NA,NA,NA,NA,1.07516874532292,NA,NA,NA,1.8533096300039,NA,1.73510973412526,3.17273155043445,2.86117489518809,1.09419308840177,2.28288408913329,2.02866236401041,1.5665695217765,2.26952837283838,1.77202732368744,NA,1.79244968040975,NA,0.523177436740332,1.19859772763847,NA,1.42511430171707,NA,1.66950627083792,2.28083737610837,1.54178433174099,1.43068262623944,2.22210245482112,1.84556251916861,0.725601525827742,NA,NA,NA,NA,0.693227919324331,2.97176660707552,NA,1.46654540983163,2.18809054378154
"301_82-THAI23-Rhinotermitidae-Parhinotermes_sp_A","301_82-THAI23-Rhinotermitidae-Parhinotermes_sp_A",NA,NA,NA,NA,NA,NA,NA,NA,NA,NA,NA,NA,1.97990304017324,3.75731260584839,3.79797302340047,NA,1.96865471299413,1.83589389727416,1.87101417672081,2.18971164865372,1.27068433003188,0.79411840962942,1.01681833420298,NA,1.23820786153858,NA,NA,1.64877455514358,NA,2.56891901106532,0.677646613263843,0.698380901236183,0.013479721983972,2.06245668390132,1.96513907925835,1.83698636233717,NA,NA,NA,NA,1.35605513945516,4.00898097132173,1.88506420882,2.38429200551335,2.75007780595676
"272_92-TBRU23A-Rhinotermitidae-Schedorhinotermes","272_92-TBRU23A-Rhinotermitidae-Schedorhinotermes",NA,NA,NA,NA,NA,NA,NA,NA,NA,0.466440640495469,NA,0.514239088897691,0.352223512169242,3.38514568398783,3.4433545421248,0.474065748658101,1.32071465026002,0.111894170298986,1.4502759375513,2.76726044439194,0.822403411982475,0.0426387987141129,0.754414374698205,NA,0.211141635380657,0.682962503141339,NA,0.429164191726928,NA,0.167978891081297,3.16399870932263,0.997799830676407,0.443487491876949,1.7258133301591,0.203376219966002,1.27976015278256,NA,NA,NA,NA,NA,3.43276265829402,0.533857539611577,1.35769896320984,1.94338437420465
"301_70-RDCT112-Rhinotermitidae-Schedorhinotermes_lamanianus","301_70-RDCT112-Rhinotermitidae-Schedorhinotermes_lamanianus",NA,NA,NA,NA,NA,NA,0.083599713032031,NA,NA,NA,0.0374912597923418,NA,0.144768403552807,3.66402583278775,3.65515094090962,0.556031002520316,0.864370114530774,0.161566976555954,1.25503427933764,2.31603849205998,1.36756135889658,0.449915018125761,0.966643326880603,NA,0.131014462076266,NA,NA,0.476448976375771,NA,0.252176436681888,3.57650883980796,0.968171779153064,NA,1.55480297088091,1.46437579471673,1.42639676833242,NA,NA,NA,NA,NA,3.84606271144488,0.871031426111319,1.71153491803326,2.06470199104269
"272_31-Chi15_131-Stylotermitidae-Stylotermes_sp","272_31-Chi15_131-Stylotermitidae-Stylotermes_sp",NA,NA,NA,1.15076735032605,1.01675745390302,1.22396978207253,0.100116534770417,NA,1.40188281384912,2.3590620878301,2.96699120724686,2.39971983789397,NA,2.57642115008562,0.679797435069973,NA,0.771179552466924,NA,0.929329543115552,1.62091997162182,0.479000973084429,NA,NA,NA,0.0849822222234555,NA,NA,0.0705254591990562,NA,1.03953762023277,1.90074974802105,0.242063770265915,NA,NA,1.20388013005737,1.81311290200211,NA,NA,NA,NA,NA,2.39380537817294,NA,1.92616517930788,2.42033997665254
"230_02-AUS109-Kalotermitidae-Kalotermitidae_sp_E","230_02-AUS109-Kalotermitidae-Kalotermitidae_sp_E",NA,NA,NA,NA,NA,NA,NA,NA,NA,1.17465733277329,2.72626640691821,1.3062821201336,2.56800172814188,3.21835515036114,1.33450423654951,2.92625262048303,2.74161882734788,NA,1.70547068502352,2.37521340540603,1.73561964948849,2.22389628010955,0.243308979611471,NA,NA,0.916503224219944,NA,3.04629605990122,NA,2.52742094337121,3.83124169331466,2.44118386756112,NA,2.19462078413837,2.42527170495156,NA,NA,NA,NA,NA,NA,2.32143708923413,NA,3.71868719627616,4.05017067589881
"230_24-THAI31-Kalotermitidae-Glyptotermes_sp_3","230_24-THAI31-Kalotermitidae-Glyptotermes_sp_3",NA,NA,NA,NA,NA,NA,0.396479571839883,NA,NA,2.20481764887031,3.46104660834803,3.28855259542617,1.84165253827298,3.49907381903602,3.18892542343934,1.69700027891428,1.28118352462968,2.28904682684255,1.55117411140377,2.61720191941572,0.941351732366034,1.13805537488696,1.20519054245175,NA,NA,0.0707569406614319,1.07569060320434,0.771798553577019,NA,2.46071226763814,1.11547761085255,2.8340895990979,NA,1.98560897136211,2.02316473960173,1.43707202785012,NA,NA,NA,1.29316057262614,1.15665300163638,2.78395871918576,0.453657451751497,2.97861443944709,3.44825778149416
"272_97-THAI114-Kalotermitidae-Glyptotermes_sp_1","272_97-THAI114-Kalotermitidae-Glyptotermes_sp_1",NA,NA,NA,NA,NA,NA,NA,NA,NA,2.36265699827821,3.37702571987908,2.18689563653166,1.93390697125112,2.47751176465642,NA,2.2339029480035,2.36583906048648,2.54395425093706,NA,2.12264107448835,NA,1.60175990916121,NA,NA,NA,NA,1.40721301746012,NA,NA,2.54536993524106,3.0450896412985,3.0721930427188,5.18911749859775,3.87695085411288,1.42929225401501,NA,NA,NA,NA,NA,NA,2.91649925106694,NA,2.74041151505692,3.22668231513349
"301_55-H2-Kalotermitidae-Glyptotermes_Okinawa_h2","301_55-H2-Kalotermitidae-Glyptotermes_Okinawa_h2",NA,NA,NA,NA,0.415572270436201,NA,NA,NA,NA,3.033569616932,3.57319548106953,2.78708498881486,2.55793610835061,3.37649220642583,1.96974380213473,2.01129623713071,2.20429529958036,2.67053701346481,2.32711692410673,3.16920394017876,1.81800804360319,1.67554697985168,0.518846862066558,NA,0.679761976742282,0.771455180974299,0.431694119045336,1.50269939657146,NA,2.6634169899264,3.20744171867438,2.66369799816068,3.45096735601171,2.74590208676811,2.88396264734294,1.84388981655988,0.0677384266717231,NA,NA,NA,0.803056230834843,2.54770111259962,NA,3.23445136265781,3.93776400209491
"272_96-THAI112-Kalotermitidae-Glyptotermes","272_96-THAI112-Kalotermitidae-Glyptotermes",NA,NA,NA,NA,NA,NA,NA,NA,NA,NA,1.59611099646018,NA,1.1583078078236,2.75059951469136,1.57272623352842,1.19375538672297,2.38093320030841,1.91835448970719,2.14959257530005,2.70367851682356,2.1612651210732,1.06836195305904,0.247985294431001,NA,1.0244581067523,1.26387243119839,0.62945016364175,NA,NA,2.23640461862593,1.72266480548942,2.07733196108473,NA,1.90624233242429,0.594878456909079,0.865827262341383,NA,NA,NA,NA,0.962511060534227,1.59781272607641,0.540435801750809,2.23318797980938,2.7491482320754
"230_18-SING74-Kalotermitidae-Neotermes","230_18-SING74-Kalotermitidae-Neotermes",NA,NA,NA,NA,1.3269814712163,NA,1.93058588894892,NA,NA,3.10704454039877,3.70404221544962,2.66857354017018,NA,3.46602758802988,1.80764908658761,2.46901473782314,2.54782016140163,2.8059890835304,2.49053975305892,3.14950467348855,3.23950060905776,NA,NA,0.228768823585093,1.77293651327378,0.301521901111571,NA,0.753913298399034,NA,1.8224040899959,2.99365932764482,2.92534254330908,NA,0.0587626826722232,2.55750408204896,1.56078653130915,NA,0.997631561266524,NA,NA,NA,3.59796044625173,1.96191452289994,2.42970096062042,2.08210579367073
"301_10-AUS102-Kalotermitidae-Kalotermitidae_sp_H","301_10-AUS102-Kalotermitidae-Kalotermitidae_sp_H",NA,NA,NA,NA,NA,NA,NA,NA,NA,2.92740461604077,3.32733481051165,2.7245800737484,0.0998075519385733,3.34733164753274,1.8359758062677,1.42452366634193,2.41272195141722,3.23444190086268,2.42388826762059,2.94534292676485,2.64778278677668,NA,NA,NA,2.47462628426701,1.80860987737014,NA,1.76893373945683,NA,2.58770249393913,3.09527252136129,3.29017579590587,0.990446550292759,2.06568191793135,3.17547859060789,NA,NA,NA,0.447694840412933,NA,2.05553315089621,2.00183096134631,NA,2.96342983568489,3.75107116708904
"301_20-AUS_91-Kalotermitidae-Kalotermitidae_sp_C","301_20-AUS_91-Kalotermitidae-Kalotermitidae_sp_C",NA,NA,NA,NA,NA,NA,0.378452872882636,NA,NA,2.6515183521639,3.47986937210274,2.29870489686224,1.59818898830331,3.08707167695659,1.79585857427048,1.74758455955569,2.44219511011257,3.22705059084909,2.44263626091826,2.66306817887104,2.62728756353815,NA,0.716287287959698,NA,1.42359807853988,1.03018810765534,NA,1.07148025822072,NA,2.18530266382338,3.14896460221232,2.5918480106815,NA,1.9647797226321,2.49502901001068,1.78752464533583,NA,NA,NA,0.157915948141483,0.0402562244140565,2.93385787964337,0.295826018798378,3.05703698877883,3.51584225380915
"301_49-G678_2-Kalotermitidae-Rugitermes_sp_A","301_49-G678_2-Kalotermitidae-Rugitermes_sp_A",0.264458733005666,0.159944072224651,NA,NA,NA,NA,NA,NA,NA,1.39391975519679,2.41196612467524,1.53955431081341,1.1428177336279,2.7584219489362,1.04780887538929,0.884416992384579,1.28858530499288,2.55097722129683,1.75819809034119,2.74743129221447,1.46002136823201,1.14196121197277,2.09000910141206,NA,NA,0.748999186046906,NA,NA,NA,1.73750795412737,1.52926981674806,1.49625282510809,0.967632265643293,1.54377990745463,1.7996308614214,1.62140653100111,NA,NA,NA,0.937194643754409,1.0852797972258,2.0341181627479,NA,2.14321233786545,2.41910874007055
"272_06-AUS110-Kalotermitidae-Cryptotermes_primus","272_06-AUS110-Kalotermitidae-Cryptotermes_primus",NA,NA,NA,NA,NA,NA,0.406690563575324,NA,NA,2.81120126820533,3.18162953831226,2.63084846835003,0.65543938825683,2.99864310889672,2.64003252575484,0.845690532018332,2.65273674772929,4.21545424930272,2.9417210667979,4.07862778185644,0.100202713340747,2.60808017566935,0.799911866391783,NA,0.757654615198557,0.647317445429596,2.22620270239502,NA,NA,2.5161296517523,2.67471485571954,2.55656230036826,NA,2.14065468492467,2.26186670447418,2.9092033776416,NA,NA,NA,NA,NA,NA,NA,1.8101745056835,2.78470723370093
"272_08-AUS117-Kalotermitidae-Cryptotermes_primus","272_08-AUS117-Kalotermitidae-Cryptotermes_primus",NA,NA,NA,NA,NA,NA,NA,NA,NA,2.75300857837479,3.37475332688289,2.58665031810915,0.69156646606925,3.21182971438107,2.21695871748257,2.20126050911389,1.69086314876117,3.27890085989734,2.34534078790378,2.98572206191389,0.810638815118877,0.892155583513595,NA,NA,0.615564698604439,0.823454602621651,1.7421884381759,0.404719071213276,NA,1.67618299488328,2.97169503294489,2.66052887387089,NA,1.92047103594989,2.1889133962118,2.44981900120911,NA,NA,NA,NA,NA,1.35872199721999,0.657433690724337,1.47243431093979,2.48576068767356
"272_71-MAL39-Kalotermitidae-Cryptotermes","272_71-MAL39-Kalotermitidae-Cryptotermes",NA,NA,NA,NA,NA,NA,NA,NA,NA,1.88958393966328,2.50935049285974,2.64687594641879,1.88827758597342,3.71206645276541,3.25372387907966,2.35507983502108,3.53048080944102,3.143047000527,2.10748844512986,3.66955747795387,2.64640687431721,2.63949345861195,0.457594619717831,NA,0.749896364935547,0.872754890834594,2.82944165147241,2.08184278016614,NA,3.00831159892401,3.44678829937955,3.53186233660447,0.305195003549142,2.738751322509,3.57778172566179,2.40851571886167,NA,NA,NA,1.61597490555603,2.22379391430457,2.98925590316303,0.214872651856365,3.02146797311209,3.92206965105523
"272_07-AUS111-Kalotermitidae-Kalotermitidae_sp_F","272_07-AUS111-Kalotermitidae-Kalotermitidae_sp_F",NA,NA,NA,NA,NA,NA,NA,NA,NA,2.038339968841,2.786543109524,1.02019394333354,0.582420147103364,3.2931680611018,2.10812608335389,0.977185177515714,2.87169458945413,1.95659018572978,2.84612157804911,2.49121416984937,1.48940399651341,2.01826098143245,2.07505221314484,NA,1.75552461159195,0.983688393337953,NA,1.28840057607313,NA,2.08847140303915,2.1197355571991,1.89825997688784,2.11289086743994,1.65843038092813,1.07455339720953,1.52076483165968,NA,NA,NA,NA,1.73367539785156,3.00874606766547,0.847376521137258,2.05433958203053,2.94391884284859
"272_105-US10-Kalotermitidae-Incisitermes_snyderi","272_105-US10-Kalotermitidae-Incisitermes_snyderi",NA,NA,NA,NA,0.263181622072702,0.12495552510055,1.19047095195075,NA,NA,0.201221967980187,2.25917439883539,1.13393965833788,0.972263943897733,2.10756524837099,0.595063597993589,0.924140343946604,1.89091199495393,1.88410306755817,1.56144232151232,2.16720605204586,0.892401666268212,NA,NA,NA,0.206746838006935,1.25838571869509,NA,NA,0.132204561465261,1.53784809645649,1.05730586022528,1.87362058932962,NA,1.17182803504438,0.487245402857807,0.64957058880647,NA,NA,NA,NA,0.194928485745488,1.985757391143,0.93245246110407,0.916834666025759,1.86848607507752
"272_49-KE15_30-Kalotermitidae-Bifiditermes_mutubae","272_49-KE15_30-Kalotermitidae-Bifiditermes_mutubae",NA,NA,NA,NA,NA,NA,NA,NA,NA,NA,1.24461384343054,2.77676618628355,NA,2.62159872494886,NA,NA,1.8562450444933,2.9980799952626,1.22835230482015,2.09156089304904,2.10794916347699,0.941853297063117,NA,NA,NA,NA,NA,1.36392061467886,NA,NA,NA,1.24487765462106,NA,2.23480037703126,NA,1.31556386380089,NA,NA,NA,NA,NA,2.69474652982881,2.31750449210605,1.83755358497301,3.1049475720875
"272_51-M16-Kalotermitidae-Tauritermes","272_51-M16-Kalotermitidae-Tauritermes",NA,NA,NA,1.99165938852972,NA,NA,NA,NA,NA,3.33444608286261,3.46820256001826,2.89851982596504,2.86518682984522,3.86715532346647,3.12553947103236,3.21941909598908,0.631500702106235,2.82855611631695,1.75029652407757,1.56532927441413,0.881318018615342,1.63667297924242,2.04684695196449,NA,NA,0.0166632095383379,NA,0.776754115379843,NA,1.3094854130664,4.09660364122099,3.39622609132516,1.30072989337492,2.43698590885926,3.59588860702392,1.35400213751978,NA,NA,NA,NA,0.246309731736664,3.21957152158789,2.3816832575386,3.59934268416175,4.16517334039572
"301_19-AUS89-Kalotermitidae-Kalotermitidae_sp_A","301_19-AUS89-Kalotermitidae-Kalotermitidae_sp_A",NA,NA,NA,0.0195491716922791,NA,NA,NA,NA,NA,2.41790734579566,3.56895350541816,2.02740862956281,1.78528324205179,2.93985527632393,2.48578206720904,1.86154951900604,2.62656937035933,3.19332849281282,1.94390388232116,3.3682607864802,1.92524047816958,0.541823276285238,0.201060145982693,NA,1.25341110721371,1.30581460364615,0.899389852725953,1.58611049122053,NA,2.77556934890309,3.01807265549207,2.33316492326292,0.615270706300691,2.25772624082823,2.58693949227988,1.7191372925171,NA,NA,NA,NA,1.22620468670562,NA,NA,NA,NA
"229_05-MD_RNA_1-Mastotermitidae-Mastotermesdarwiniensis","229_05-MD_RNA_1-Mastotermitidae-Mastotermesdarwiniensis",NA,NA,NA,NA,NA,NA,NA,NA,NA,1.68929655669423,2.69706447382315,1.3007891254964,0.889929804090844,2.68270387442239,2.51899466600981,2.05275781324602,1.70610384490735,3.01031806341914,1.69358948372748,2.87631873621319,1.40039088886651,NA,NA,NA,0.208581381264108,0.254069945024535,0.296911807511539,0.0809238007796175,NA,1.48197929028693,1.48069753599542,1.53692533839449,NA,2.12723897827006,1.47876011578655,1.44777617206792,NA,NA,NA,0.232097178261273,0.188981620328018,1.06930261426465,NA,1.25627770771116,1.75131021995014
"229_08-Cryp-Cryptocercidae-Cryptocercus_punctulatus","229_08-Cryp-Cryptocercidae-Cryptocercus_punctulatus",NA,NA,NA,NA,NA,NA,NA,NA,NA,1.79681934987127,2.40992122337038,2.30550846131846,0.465042639354362,2.86192990098355,1.40859475589926,0.77322450699599,1.45519482547189,2.05561739148882,1.81962267732507,2.72392978520872,1.45761550416049,0.833533096524803,NA,NA,1.43931764501193,2.00622673485885,NA,0.628723361926557,0.201465642520898,1.6056858856705,2.20798889331892,2.11287432961364,NA,1.76983007073109,1.31639279076984,1.14318266270084,NA,NA,NA,0.0762037603353213,0.232190218322421,1.27898732173006,1.21098277129468,1.26338050883813,1.86489555685214
